{"cameraMode":{"drawMode":0,"name":"Shaded","section":"Shading Mode"},"sceneLighting":false,"audioPlay":false,"sceneViewState":{"m_AlwaysRefresh":false,"showFog":true,"showSkybox":false,"showFlares":true,"showImageEffects":true,"showParticleSystems":true,"showVisualEffectGraphs":true,"m_FxEnabled":true},"in2DMode":false,"pivot":{"x":2.278961420059204,"y":2.3894424438476564,"z":3.1402783393859865},"rotation":{"x":-0.07234630733728409,"y":0.9035398960113525,"z":-0.16890978813171388,"w":-0.38713961839675906},"size":1.021945595741272,"orthographic":false}