{"cameraMode":{"drawMode":0,"name":"Shaded","section":"Shading Mode"},"sceneLighting":false,"audioPlay":false,"sceneViewState":{"m_AlwaysRefresh":false,"showFog":true,"showSkybox":false,"showFlares":true,"showImageEffects":true,"showParticleSystems":true,"showVisualEffectGraphs":true,"m_FxEnabled":true},"in2DMode":false,"pivot":{"x":-0.6117212176322937,"y":0.8891472816467285,"z":1.0700125694274903},"rotation":{"x":-0.008705521002411843,"y":0.9385647177696228,"z":-0.34430330991744997,"w":-0.023768402636051179},"size":1.837117314338684,"orthographic":false}